﻿{"songName":"春节-Dancing Line","composer":"Cheetah Games ","offset":0.10000000149011612,"notes":[{"difficulty":4,"level":"13.7","charter":"雲鳩","bpmList":{"keyframes":[{"time":{"split":4,"beat":0},"bpm":90.0}]},"timeSignatureList":{"keyframes":[{"time":{"split":4,"beat":0},"signature":{"split":4,"beat":4}}]},"taps":[{"hitTime":{"split":16,"beat":14},"button":3,"isBreak":false,"isEx":false,"toStar":false},{"hitTime":{"split":16,"beat":15},"button":4,"isBreak":false,"isEx":false,"toStar":false},{"hitTime":{"split":32,"beat":34},"button":6,"isBreak":false,"isEx":false,"toStar":false},{"hitTime":{"split":32,"beat":36},"button":5,"isBreak":false,"isEx":false,"toStar":false},{"hitTime":{"split":32,"beat":40},"button":4,"isBreak":false,"isEx":false,"toStar":false},{"hitTime":{"split":32,"beat":40},"button":5,"isBreak":false,"isEx":false,"toStar":false},{"hitTime":{"split":32,"beat":28},"button":6,"isBreak":false,"isEx":false,"toStar":false},{"hitTime":{"split":32,"beat":44},"button":7,"isBreak":false,"isEx":false,"toStar":false},{"hitTime":{"split":32,"beat":48},"button":2,"isBreak":false,"isEx":false,"toStar":false},{"hitTime":{"split":32,"beat":50},"button":3,"isBreak":false,"isEx":false,"toStar":false},{"hitTime":{"split":32,"beat":52},"button":4,"isBreak":true,"isEx":false,"toStar":false},{"hitTime":{"split":32,"beat":60},"button":8,"isBreak":false,"isEx":true,"toStar":false},{"hitTime":{"split":32,"beat":60},"button":1,"isBreak":false,"isEx":true,"toStar":false},{"hitTime":{"split":32,"beat":62},"button":2,"isBreak":false,"isEx":false,"toStar":false},{"hitTime":{"split":32,"beat":66},"button":7,"isBreak":false,"isEx":false,"toStar":false},{"hitTime":{"split":32,"beat":68},"button":3,"isBreak":false,"isEx":false,"toStar":false},{"hitTime":{"split":32,"beat":72},"button":6,"isBreak":false,"isEx":false,"toStar":false},{"hitTime":{"split":32,"beat":72},"button":3,"isBreak":false,"isEx":false,"toStar":false},{"hitTime":{"split":32,"beat":80},"button":7,"isBreak":false,"isEx":false,"toStar":false},{"hitTime":{"split":32,"beat":76},"button":2,"isBreak":false,"isEx":false,"toStar":false},{"hitTime":{"split":32,"beat":84},"button":6,"isBreak":false,"isEx":false,"toStar":false},{"hitTime":{"split":32,"beat":86},"button":3,"isBreak":false,"isEx":false,"toStar":false},{"hitTime":{"split":32,"beat":88},"button":4,"isBreak":true,"isEx":false,"toStar":false},{"hitTime":{"split":32,"beat":88},"button":5,"isBreak":true,"isEx":false,"toStar":false},{"hitTime":{"split":32,"beat":92},"button":3,"isBreak":false,"isEx":false,"toStar":false},{"hitTime":{"split":32,"beat":94},"button":2,"isBreak":false,"isEx":false,"toStar":false},{"hitTime":{"split":32,"beat":98},"button":1,"isBreak":false,"isEx":false,"toStar":false},{"hitTime":{"split":32,"beat":100},"button":8,"isBreak":false,"isEx":false,"toStar":false},{"hitTime":{"split":32,"beat":104},"button":4,"isBreak":false,"isEx":false,"toStar":false},{"hitTime":{"split":32,"beat":104},"button":5,"isBreak":false,"isEx":false,"toStar":false},{"hitTime":{"split":32,"beat":92},"button":6,"isBreak":false,"isEx":false,"toStar":false},{"hitTime":{"split":32,"beat":108},"button":2,"isBreak":false,"isEx":false,"toStar":false},{"hitTime":{"split":32,"beat":112},"button":7,"isBreak":false,"isEx":false,"toStar":false},{"hitTime":{"split":32,"beat":114},"button":6,"isBreak":false,"isEx":false,"toStar":false},{"hitTime":{"split":32,"beat":116},"button":5,"isBreak":false,"isEx":false,"toStar":false},{"hitTime":{"split":32,"beat":124},"button":8,"isBreak":false,"isEx":true,"toStar":false},{"hitTime":{"split":32,"beat":124},"button":1,"isBreak":false,"isEx":true,"toStar":false},{"hitTime":{"split":32,"beat":130},"button":7,"isBreak":false,"isEx":false,"toStar":false},{"hitTime":{"split":32,"beat":132},"button":3,"isBreak":false,"isEx":false,"toStar":false},{"hitTime":{"split":32,"beat":136},"button":6,"isBreak":false,"isEx":false,"toStar":false},{"hitTime":{"split":32,"beat":136},"button":3,"isBreak":false,"isEx":false,"toStar":false},{"hitTime":{"split":32,"beat":144},"button":7,"isBreak":true,"isEx":false,"toStar":false},{"hitTime":{"split":32,"beat":140},"button":2,"isBreak":false,"isEx":false,"toStar":false},{"hitTime":{"split":32,"beat":148},"button":3,"isBreak":false,"isEx":false,"toStar":false},{"hitTime":{"split":32,"beat":150},"button":6,"isBreak":false,"isEx":false,"toStar":false},{"hitTime":{"split":32,"beat":152},"button":4,"isBreak":true,"isEx":false,"toStar":false},{"hitTime":{"split":32,"beat":152},"button":5,"isBreak":true,"isEx":false,"toStar":false},{"hitTime":{"split":32,"beat":120},"button":2,"isBreak":false,"isEx":false,"toStar":false},{"hitTime":{"split":32,"beat":120},"button":3,"isBreak":false,"isEx":false,"toStar":false},{"hitTime":{"split":32,"beat":130},"button":6,"isBreak":false,"isEx":false,"toStar":false},{"hitTime":{"split":32,"beat":142},"button":5,"isBreak":false,"isEx":false,"toStar":false},{"hitTime":{"split":32,"beat":144},"button":2,"isBreak":true,"isEx":false,"toStar":false},{"hitTime":{"split":32,"beat":162},"button":8,"isBreak":false,"isEx":false,"toStar":false},{"hitTime":{"split":32,"beat":164},"button":6,"isBreak":false,"isEx":false,"toStar":false},{"hitTime":{"split":32,"beat":168},"button":3,"isBreak":false,"isEx":false,"toStar":false},{"hitTime":{"split":32,"beat":170},"button":6,"isBreak":false,"isEx":false,"toStar":false},{"hitTime":{"split":32,"beat":170},"button":3,"isBreak":false,"isEx":false,"toStar":false},{"hitTime":{"split":32,"beat":172},"button":1,"isBreak":false,"isEx":false,"toStar":false},{"hitTime":{"split":32,"beat":178},"button":2,"isBreak":false,"isEx":false,"toStar":false},{"hitTime":{"split":32,"beat":180},"button":3,"isBreak":false,"isEx":false,"toStar":false},{"hitTime":{"split":32,"beat":184},"button":4,"isBreak":false,"isEx":false,"toStar":false},{"hitTime":{"split":32,"beat":188},"button":5,"isBreak":false,"isEx":false,"toStar":false},{"hitTime":{"split":32,"beat":196},"button":3,"isBreak":false,"isEx":false,"toStar":false},{"hitTime":{"split":32,"beat":192},"button":5,"isBreak":false,"isEx":false,"toStar":false},{"hitTime":{"split":32,"beat":190},"button":5,"isBreak":false,"isEx":false,"toStar":false},{"hitTime":{"split":32,"beat":198},"button":3,"isBreak":false,"isEx":false,"toStar":false},{"hitTime":{"split":32,"beat":200},"button":3,"isBreak":false,"isEx":false,"toStar":false},{"hitTime":{"split":32,"beat":204},"button":5,"isBreak":false,"isEx":false,"toStar":false},{"hitTime":{"split":32,"beat":206},"button":6,"isBreak":false,"isEx":false,"toStar":false},{"hitTime":{"split":32,"beat":208},"button":7,"isBreak":false,"isEx":false,"toStar":false},{"hitTime":{"split":32,"beat":212},"button":4,"isBreak":false,"isEx":false,"toStar":false},{"hitTime":{"split":32,"beat":226},"button":6,"isBreak":false,"isEx":false,"toStar":false},{"hitTime":{"split":32,"beat":228},"button":8,"isBreak":false,"isEx":false,"toStar":false},{"hitTime":{"split":32,"beat":232},"button":7,"isBreak":false,"isEx":false,"toStar":false},{"hitTime":{"split":32,"beat":162},"button":2,"isBreak":false,"isEx":false,"toStar":false},{"hitTime":{"split":32,"beat":180},"button":6,"isBreak":false,"isEx":false,"toStar":false},{"hitTime":{"split":32,"beat":226},"button":4,"isBreak":false,"isEx":false,"toStar":false},{"hitTime":{"split":32,"beat":234},"button":5,"isBreak":false,"isEx":false,"toStar":false},{"hitTime":{"split":32,"beat":234},"button":3,"isBreak":false,"isEx":false,"toStar":false},{"hitTime":{"split":32,"beat":236},"button":5,"isBreak":false,"isEx":false,"toStar":false},{"hitTime":{"split":32,"beat":240},"button":7,"isBreak":false,"isEx":false,"toStar":false},{"hitTime":{"split":32,"beat":260},"button":8,"isBreak":false,"isEx":false,"toStar":false},{"hitTime":{"split":32,"beat":262},"button":7,"isBreak":false,"isEx":false,"toStar":false},{"hitTime":{"split":32,"beat":264},"button":6,"isBreak":false,"isEx":false,"toStar":false},{"hitTime":{"split":32,"beat":264},"button":3,"isBreak":false,"isEx":false,"toStar":false},{"hitTime":{"split":32,"beat":268},"button":4,"isBreak":false,"isEx":false,"toStar":false},{"hitTime":{"split":32,"beat":272},"button":4,"isBreak":false,"isEx":false,"toStar":false},{"hitTime":{"split":32,"beat":276},"button":4,"isBreak":false,"isEx":false,"toStar":false},{"hitTime":{"split":32,"beat":276},"button":5,"isBreak":false,"isEx":false,"toStar":false},{"hitTime":{"split":32,"beat":280},"button":3,"isBreak":false,"isEx":false,"toStar":false},{"hitTime":{"split":32,"beat":280},"button":6,"isBreak":false,"isEx":false,"toStar":false},{"hitTime":{"split":32,"beat":316},"button":4,"isBreak":false,"isEx":false,"toStar":false},{"hitTime":{"split":32,"beat":324},"button":3,"isBreak":false,"isEx":false,"toStar":false},{"hitTime":{"split":32,"beat":330},"button":8,"isBreak":false,"isEx":true,"toStar":false},{"hitTime":{"split":32,"beat":324},"button":6,"isBreak":false,"isEx":false,"toStar":false},{"hitTime":{"split":32,"beat":348},"button":1,"isBreak":true,"isEx":false,"toStar":false},{"hitTime":{"split":32,"beat":348},"button":8,"isBreak":true,"isEx":false,"toStar":false},{"hitTime":{"split":32,"beat":354},"button":6,"isBreak":false,"isEx":false,"toStar":false},{"hitTime":{"split":32,"beat":356},"button":5,"isBreak":false,"isEx":false,"toStar":false},{"hitTime":{"split":32,"beat":356},"button":6,"isBreak":false,"isEx":false,"toStar":false},{"hitTime":{"split":32,"beat":360},"button":5,"isBreak":false,"isEx":false,"toStar":false},{"hitTime":{"split":32,"beat":364},"button":4,"isBreak":false,"isEx":false,"toStar":false},{"hitTime":{"split":32,"beat":368},"button":4,"isBreak":false,"isEx":false,"toStar":false},{"hitTime":{"split":32,"beat":368},"button":6,"isBreak":false,"isEx":false,"toStar":false},{"hitTime":{"split":32,"beat":364},"button":3,"isBreak":false,"isEx":false,"toStar":false},{"hitTime":{"split":32,"beat":372},"button":4,"isBreak":false,"isEx":false,"toStar":false},{"hitTime":{"split":32,"beat":392},"button":2,"isBreak":false,"isEx":false,"toStar":false},{"hitTime":{"split":32,"beat":396},"button":3,"isBreak":false,"isEx":false,"toStar":false},{"hitTime":{"split":32,"beat":404},"button":3,"isBreak":false,"isEx":false,"toStar":false},{"hitTime":{"split":32,"beat":412},"button":3,"isBreak":true,"isEx":true,"toStar":false},{"hitTime":{"split":32,"beat":408},"button":5,"isBreak":false,"isEx":false,"toStar":false},{"hitTime":{"split":32,"beat":412},"button":8,"isBreak":true,"isEx":true,"toStar":false},{"hitTime":{"split":32,"beat":414},"button":3,"isBreak":false,"isEx":true,"toStar":false},{"hitTime":{"split":32,"beat":414},"button":8,"isBreak":false,"isEx":true,"toStar":false},{"hitTime":{"split":32,"beat":424},"button":4,"isBreak":false,"isEx":true,"toStar":false},{"hitTime":{"split":32,"beat":424},"button":7,"isBreak":false,"isEx":true,"toStar":false},{"hitTime":{"split":32,"beat":426},"button":7,"isBreak":false,"isEx":false,"toStar":false},{"hitTime":{"split":32,"beat":426},"button":4,"isBreak":false,"isEx":false,"toStar":false},{"hitTime":{"split":32,"beat":436},"button":1,"isBreak":true,"isEx":false,"toStar":false},{"hitTime":{"split":32,"beat":436},"button":6,"isBreak":true,"isEx":false,"toStar":false},{"hitTime":{"split":32,"beat":438},"button":1,"isBreak":false,"isEx":false,"toStar":false},{"hitTime":{"split":32,"beat":438},"button":6,"isBreak":false,"isEx":false,"toStar":false},{"hitTime":{"split":32,"beat":444},"button":5,"isBreak":false,"isEx":false,"toStar":false},{"hitTime":{"split":32,"beat":448},"button":6,"isBreak":false,"isEx":false,"toStar":false},{"hitTime":{"split":32,"beat":452},"button":5,"isBreak":false,"isEx":false,"toStar":false},{"hitTime":{"split":32,"beat":444},"button":3,"isBreak":false,"isEx":false,"toStar":false},{"hitTime":{"split":32,"beat":456},"button":7,"isBreak":false,"isEx":false,"toStar":false},{"hitTime":{"split":32,"beat":476},"button":1,"isBreak":false,"isEx":true,"toStar":false},{"hitTime":{"split":32,"beat":477},"button":2,"isBreak":false,"isEx":true,"toStar":false},{"hitTime":{"split":32,"beat":478},"button":3,"isBreak":false,"isEx":true,"toStar":false},{"hitTime":{"split":32,"beat":479},"button":4,"isBreak":false,"isEx":true,"toStar":false},{"hitTime":{"split":32,"beat":480},"button":5,"isBreak":false,"isEx":true,"toStar":false},{"hitTime":{"split":32,"beat":482},"button":8,"isBreak":false,"isEx":true,"toStar":false},{"hitTime":{"split":32,"beat":483},"button":7,"isBreak":false,"isEx":true,"toStar":false},{"hitTime":{"split":32,"beat":484},"button":6,"isBreak":false,"isEx":true,"toStar":false},{"hitTime":{"split":32,"beat":485},"button":5,"isBreak":false,"isEx":true,"toStar":false},{"hitTime":{"split":32,"beat":486},"button":4,"isBreak":false,"isEx":true,"toStar":false},{"hitTime":{"split":32,"beat":488},"button":2,"isBreak":false,"isEx":true,"toStar":false},{"hitTime":{"split":32,"beat":489},"button":3,"isBreak":false,"isEx":true,"toStar":false},{"hitTime":{"split":32,"beat":490},"button":4,"isBreak":false,"isEx":true,"toStar":false},{"hitTime":{"split":32,"beat":491},"button":5,"isBreak":false,"isEx":true,"toStar":false},{"hitTime":{"split":32,"beat":492},"button":6,"isBreak":false,"isEx":true,"toStar":false},{"hitTime":{"split":32,"beat":494},"button":7,"isBreak":false,"isEx":true,"toStar":false},{"hitTime":{"split":32,"beat":495},"button":6,"isBreak":false,"isEx":true,"toStar":false},{"hitTime":{"split":32,"beat":496},"button":5,"isBreak":false,"isEx":true,"toStar":false},{"hitTime":{"split":32,"beat":497},"button":4,"isBreak":false,"isEx":true,"toStar":false},{"hitTime":{"split":32,"beat":498},"button":3,"isBreak":false,"isEx":true,"toStar":false},{"hitTime":{"split":32,"beat":500},"button":3,"isBreak":false,"isEx":false,"toStar":false},{"hitTime":{"split":32,"beat":500},"button":6,"isBreak":false,"isEx":false,"toStar":false},{"hitTime":{"split":32,"beat":504},"button":3,"isBreak":false,"isEx":false,"toStar":false},{"hitTime":{"split":32,"beat":504},"button":6,"isBreak":false,"isEx":false,"toStar":false},{"hitTime":{"split":32,"beat":524},"button":2,"isBreak":true,"isEx":false,"toStar":false},{"hitTime":{"split":32,"beat":524},"button":7,"isBreak":true,"isEx":false,"toStar":false},{"hitTime":{"split":32,"beat":540},"button":3,"isBreak":false,"isEx":true,"toStar":false},{"hitTime":{"split":32,"beat":546},"button":6,"isBreak":false,"isEx":false,"toStar":false},{"hitTime":{"split":32,"beat":542},"button":5,"isBreak":false,"isEx":true,"toStar":false},{"hitTime":{"split":32,"beat":548},"button":4,"isBreak":false,"isEx":false,"toStar":false},{"hitTime":{"split":32,"beat":540},"button":7,"isBreak":false,"isEx":true,"toStar":false},{"hitTime":{"split":32,"beat":542},"button":6,"isBreak":false,"isEx":true,"toStar":false},{"hitTime":{"split":32,"beat":546},"button":5,"isBreak":false,"isEx":false,"toStar":false},{"hitTime":{"split":32,"beat":548},"button":7,"isBreak":false,"isEx":false,"toStar":false},{"hitTime":{"split":32,"beat":552},"button":1,"isBreak":false,"isEx":false,"toStar":false},{"hitTime":{"split":32,"beat":554},"button":1,"isBreak":false,"isEx":false,"toStar":false},{"hitTime":{"split":32,"beat":552},"button":2,"isBreak":false,"isEx":false,"toStar":false},{"hitTime":{"split":32,"beat":554},"button":2,"isBreak":false,"isEx":false,"toStar":false},{"hitTime":{"split":32,"beat":556},"button":3,"isBreak":false,"isEx":true,"toStar":false},{"hitTime":{"split":32,"beat":557},"button":4,"isBreak":false,"isEx":true,"toStar":false},{"hitTime":{"split":32,"beat":558},"button":5,"isBreak":false,"isEx":true,"toStar":false},{"hitTime":{"split":32,"beat":559},"button":6,"isBreak":false,"isEx":true,"toStar":false},{"hitTime":{"split":32,"beat":560},"button":7,"isBreak":false,"isEx":false,"toStar":false},{"hitTime":{"split":32,"beat":564},"button":7,"isBreak":false,"isEx":true,"toStar":false},{"hitTime":{"split":32,"beat":565},"button":6,"isBreak":false,"isEx":true,"toStar":false},{"hitTime":{"split":32,"beat":566},"button":5,"isBreak":false,"isEx":true,"toStar":false},{"hitTime":{"split":32,"beat":567},"button":4,"isBreak":false,"isEx":true,"toStar":false},{"hitTime":{"split":32,"beat":568},"button":3,"isBreak":false,"isEx":false,"toStar":false},{"hitTime":{"split":32,"beat":572},"button":2,"isBreak":false,"isEx":false,"toStar":false},{"hitTime":{"split":32,"beat":574},"button":3,"isBreak":false,"isEx":false,"toStar":false},{"hitTime":{"split":32,"beat":574},"button":5,"isBreak":false,"isEx":false,"toStar":false},{"hitTime":{"split":32,"beat":578},"button":4,"isBreak":false,"isEx":false,"toStar":false},{"hitTime":{"split":32,"beat":578},"button":6,"isBreak":false,"isEx":false,"toStar":false},{"hitTime":{"split":32,"beat":580},"button":5,"isBreak":false,"isEx":false,"toStar":false},{"hitTime":{"split":32,"beat":580},"button":7,"isBreak":false,"isEx":false,"toStar":false},{"hitTime":{"split":32,"beat":584},"button":6,"isBreak":false,"isEx":false,"toStar":false},{"hitTime":{"split":32,"beat":584},"button":8,"isBreak":false,"isEx":false,"toStar":false},{"hitTime":{"split":32,"beat":586},"button":1,"isBreak":false,"isEx":false,"toStar":false},{"hitTime":{"split":32,"beat":586},"button":7,"isBreak":false,"isEx":false,"toStar":false},{"hitTime":{"split":32,"beat":592},"button":3,"isBreak":false,"isEx":false,"toStar":false},{"hitTime":{"split":32,"beat":594},"button":4,"isBreak":false,"isEx":false,"toStar":false},{"hitTime":{"split":32,"beat":596},"button":6,"isBreak":true,"isEx":false,"toStar":false},{"hitTime":{"split":32,"beat":592},"button":6,"isBreak":false,"isEx":false,"toStar":false},{"hitTime":{"split":32,"beat":594},"button":6,"isBreak":false,"isEx":false,"toStar":false},{"hitTime":{"split":32,"beat":604},"button":8,"isBreak":false,"isEx":false,"toStar":false},{"hitTime":{"split":32,"beat":605},"button":7,"isBreak":false,"isEx":false,"toStar":false},{"hitTime":{"split":32,"beat":606},"button":6,"isBreak":false,"isEx":false,"toStar":false},{"hitTime":{"split":32,"beat":607},"button":5,"isBreak":false,"isEx":false,"toStar":false},{"hitTime":{"split":32,"beat":608},"button":4,"isBreak":false,"isEx":false,"toStar":false},{"hitTime":{"split":32,"beat":610},"button":1,"isBreak":false,"isEx":false,"toStar":false},{"hitTime":{"split":32,"beat":611},"button":2,"isBreak":false,"isEx":false,"toStar":false},{"hitTime":{"split":32,"beat":612},"button":3,"isBreak":false,"isEx":false,"toStar":false},{"hitTime":{"split":32,"beat":613},"button":4,"isBreak":false,"isEx":false,"toStar":false},{"hitTime":{"split":32,"beat":614},"button":5,"isBreak":false,"isEx":false,"toStar":false},{"hitTime":{"split":32,"beat":616},"button":3,"isBreak":false,"isEx":false,"toStar":false},{"hitTime":{"split":32,"beat":617},"button":4,"isBreak":false,"isEx":false,"toStar":false},{"hitTime":{"split":32,"beat":618},"button":5,"isBreak":false,"isEx":false,"toStar":false},{"hitTime":{"split":32,"beat":619},"button":6,"isBreak":false,"isEx":false,"toStar":false},{"hitTime":{"split":32,"beat":620},"button":7,"isBreak":false,"isEx":false,"toStar":false},{"hitTime":{"split":32,"beat":624},"button":3,"isBreak":false,"isEx":false,"toStar":false},{"hitTime":{"split":32,"beat":624},"button":6,"isBreak":false,"isEx":false,"toStar":false},{"hitTime":{"split":32,"beat":628},"button":4,"isBreak":false,"isEx":false,"toStar":false},{"hitTime":{"split":32,"beat":628},"button":5,"isBreak":false,"isEx":false,"toStar":false},{"hitTime":{"split":32,"beat":630},"button":4,"isBreak":false,"isEx":false,"toStar":false},{"hitTime":{"split":32,"beat":630},"button":5,"isBreak":false,"isEx":false,"toStar":false},{"hitTime":{"split":32,"beat":632},"button":4,"isBreak":true,"isEx":false,"toStar":false},{"hitTime":{"split":32,"beat":632},"button":5,"isBreak":true,"isEx":false,"toStar":false},{"hitTime":{"split":32,"beat":636},"button":8,"isBreak":false,"isEx":false,"toStar":false},{"hitTime":{"split":32,"beat":638},"button":5,"isBreak":false,"isEx":false,"toStar":false},{"hitTime":{"split":32,"beat":640},"button":8,"isBreak":false,"isEx":false,"toStar":false},{"hitTime":{"split":32,"beat":642},"button":6,"isBreak":false,"isEx":false,"toStar":false},{"hitTime":{"split":32,"beat":644},"button":7,"isBreak":false,"isEx":false,"toStar":false},{"hitTime":{"split":32,"beat":646},"button":5,"isBreak":false,"isEx":false,"toStar":false},{"hitTime":{"split":32,"beat":648},"button":4,"isBreak":false,"isEx":false,"toStar":false},{"hitTime":{"split":32,"beat":650},"button":2,"isBreak":false,"isEx":false,"toStar":false},{"hitTime":{"split":32,"beat":652},"button":4,"isBreak":false,"isEx":false,"toStar":false},{"hitTime":{"split":32,"beat":652},"button":5,"isBreak":false,"isEx":false,"toStar":false},{"hitTime":{"split":32,"beat":654},"button":3,"isBreak":false,"isEx":false,"toStar":false},{"hitTime":{"split":32,"beat":654},"button":6,"isBreak":false,"isEx":false,"toStar":false},{"hitTime":{"split":32,"beat":656},"button":2,"isBreak":false,"isEx":false,"toStar":false},{"hitTime":{"split":32,"beat":656},"button":7,"isBreak":false,"isEx":false,"toStar":false},{"hitTime":{"split":32,"beat":660},"button":1,"isBreak":false,"isEx":false,"toStar":false},{"hitTime":{"split":32,"beat":660},"button":8,"isBreak":false,"isEx":false,"toStar":false},{"hitTime":{"split":32,"beat":662},"button":2,"isBreak":false,"isEx":false,"toStar":false},{"hitTime":{"split":32,"beat":662},"button":7,"isBreak":false,"isEx":false,"toStar":false},{"hitTime":{"split":32,"beat":668},"button":1,"isBreak":false,"isEx":false,"toStar":false},{"hitTime":{"split":32,"beat":668},"button":8,"isBreak":false,"isEx":false,"toStar":false},{"hitTime":{"split":32,"beat":692},"button":3,"isBreak":false,"isEx":false,"toStar":false},{"hitTime":{"split":32,"beat":692},"button":6,"isBreak":false,"isEx":false,"toStar":false},{"hitTime":{"split":32,"beat":696},"button":1,"isBreak":false,"isEx":false,"toStar":false},{"hitTime":{"split":32,"beat":696},"button":8,"isBreak":false,"isEx":false,"toStar":false},{"hitTime":{"split":32,"beat":712},"button":4,"isBreak":false,"isEx":false,"toStar":false},{"hitTime":{"split":32,"beat":712},"button":5,"isBreak":false,"isEx":false,"toStar":false},{"hitTime":{"split":32,"beat":714},"button":2,"isBreak":false,"isEx":false,"toStar":false},{"hitTime":{"split":32,"beat":714},"button":7,"isBreak":false,"isEx":false,"toStar":false},{"hitTime":{"split":32,"beat":734},"button":3,"isBreak":false,"isEx":true,"toStar":false},{"hitTime":{"split":32,"beat":734},"button":2,"isBreak":false,"isEx":true,"toStar":false},{"hitTime":{"split":32,"beat":738},"button":4,"isBreak":false,"isEx":false,"toStar":false},{"hitTime":{"split":32,"beat":740},"button":5,"isBreak":false,"isEx":false,"toStar":false},{"hitTime":{"split":32,"beat":744},"button":4,"isBreak":false,"isEx":false,"toStar":false},{"hitTime":{"split":32,"beat":748},"button":8,"isBreak":false,"isEx":false,"toStar":false},{"hitTime":{"split":32,"beat":750},"button":8,"isBreak":false,"isEx":false,"toStar":false},{"hitTime":{"split":32,"beat":752},"button":8,"isBreak":false,"isEx":false,"toStar":false},{"hitTime":{"split":32,"beat":756},"button":7,"isBreak":false,"isEx":false,"toStar":false},{"hitTime":{"split":32,"beat":758},"button":7,"isBreak":false,"isEx":false,"toStar":false},{"hitTime":{"split":32,"beat":760},"button":7,"isBreak":false,"isEx":false,"toStar":false},{"hitTime":{"split":32,"beat":764},"button":5,"isBreak":false,"isEx":false,"toStar":false},{"hitTime":{"split":32,"beat":765},"button":4,"isBreak":false,"isEx":false,"toStar":false},{"hitTime":{"split":32,"beat":766},"button":3,"isBreak":false,"isEx":false,"toStar":false},{"hitTime":{"split":32,"beat":767},"button":2,"isBreak":false,"isEx":false,"toStar":false},{"hitTime":{"split":32,"beat":764},"button":8,"isBreak":false,"isEx":false,"toStar":false},{"hitTime":{"split":32,"beat":765},"button":7,"isBreak":false,"isEx":false,"toStar":false},{"hitTime":{"split":32,"beat":766},"button":6,"isBreak":false,"isEx":false,"toStar":false},{"hitTime":{"split":32,"beat":767},"button":5,"isBreak":false,"isEx":false,"toStar":false},{"hitTime":{"split":32,"beat":768},"button":4,"isBreak":true,"isEx":false,"toStar":false},{"hitTime":{"split":32,"beat":768},"button":1,"isBreak":true,"isEx":false,"toStar":false},{"hitTime":{"split":32,"beat":772},"button":1,"isBreak":false,"isEx":false,"toStar":false},{"hitTime":{"split":32,"beat":772},"button":4,"isBreak":false,"isEx":false,"toStar":false},{"hitTime":{"split":32,"beat":773},"button":2,"isBreak":false,"isEx":false,"toStar":false},{"hitTime":{"split":32,"beat":773},"button":5,"isBreak":false,"isEx":false,"toStar":false},{"hitTime":{"split":32,"beat":774},"button":3,"isBreak":false,"isEx":false,"toStar":false},{"hitTime":{"split":32,"beat":774},"button":6,"isBreak":false,"isEx":false,"toStar":false},{"hitTime":{"split":32,"beat":775},"button":4,"isBreak":false,"isEx":false,"toStar":false},{"hitTime":{"split":32,"beat":775},"button":7,"isBreak":false,"isEx":false,"toStar":false},{"hitTime":{"split":32,"beat":776},"button":5,"isBreak":true,"isEx":false,"toStar":false},{"hitTime":{"split":32,"beat":776},"button":8,"isBreak":true,"isEx":false,"toStar":false},{"hitTime":{"split":32,"beat":784},"button":5,"isBreak":false,"isEx":false,"toStar":false},{"hitTime":{"split":32,"beat":796},"button":4,"isBreak":false,"isEx":false,"toStar":false},{"hitTime":{"split":32,"beat":796},"button":6,"isBreak":false,"isEx":false,"toStar":false},{"hitTime":{"split":32,"beat":798},"button":5,"isBreak":false,"isEx":false,"toStar":false},{"hitTime":{"split":32,"beat":798},"button":7,"isBreak":false,"isEx":false,"toStar":false},{"hitTime":{"split":32,"beat":800},"button":5,"isBreak":false,"isEx":false,"toStar":false},{"hitTime":{"split":32,"beat":802},"button":4,"isBreak":false,"isEx":false,"toStar":false},{"hitTime":{"split":32,"beat":802},"button":8,"isBreak":false,"isEx":false,"toStar":false},{"hitTime":{"split":32,"beat":804},"button":8,"isBreak":false,"isEx":false,"toStar":false},{"hitTime":{"split":32,"beat":808},"button":3,"isBreak":false,"isEx":false,"toStar":false},{"hitTime":{"split":32,"beat":808},"button":2,"isBreak":false,"isEx":false,"toStar":false},{"hitTime":{"split":32,"beat":810},"button":3,"isBreak":false,"isEx":false,"toStar":false},{"hitTime":{"split":32,"beat":812},"button":4,"isBreak":false,"isEx":false,"toStar":false},{"hitTime":{"split":32,"beat":812},"button":6,"isBreak":false,"isEx":false,"toStar":false},{"hitTime":{"split":32,"beat":816},"button":6,"isBreak":false,"isEx":false,"toStar":false},{"hitTime":{"split":32,"beat":816},"button":7,"isBreak":false,"isEx":false,"toStar":false},{"hitTime":{"split":32,"beat":821},"button":1,"isBreak":false,"isEx":true,"toStar":false},{"hitTime":{"split":32,"beat":822},"button":2,"isBreak":false,"isEx":true,"toStar":false},{"hitTime":{"split":32,"beat":823},"button":3,"isBreak":false,"isEx":true,"toStar":false},{"hitTime":{"split":32,"beat":824},"button":4,"isBreak":false,"isEx":true,"toStar":false},{"hitTime":{"split":32,"beat":825},"button":5,"isBreak":false,"isEx":true,"toStar":false},{"hitTime":{"split":32,"beat":826},"button":6,"isBreak":false,"isEx":true,"toStar":false},{"hitTime":{"split":32,"beat":827},"button":7,"isBreak":false,"isEx":true,"toStar":false},{"hitTime":{"split":32,"beat":828},"button":8,"isBreak":false,"isEx":true,"toStar":false},{"hitTime":{"split":32,"beat":829},"button":7,"isBreak":false,"isEx":true,"toStar":false},{"hitTime":{"split":32,"beat":830},"button":6,"isBreak":false,"isEx":true,"toStar":false},{"hitTime":{"split":32,"beat":831},"button":5,"isBreak":false,"isEx":true,"toStar":false},{"hitTime":{"split":32,"beat":834},"button":4,"isBreak":false,"isEx":false,"toStar":false},{"hitTime":{"split":32,"beat":834},"button":6,"isBreak":false,"isEx":false,"toStar":false},{"hitTime":{"split":32,"beat":836},"button":4,"isBreak":false,"isEx":false,"toStar":false},{"hitTime":{"split":32,"beat":836},"button":6,"isBreak":false,"isEx":false,"toStar":false},{"hitTime":{"split":32,"beat":838},"button":3,"isBreak":false,"isEx":false,"toStar":false},{"hitTime":{"split":32,"beat":838},"button":7,"isBreak":false,"isEx":false,"toStar":false},{"hitTime":{"split":32,"beat":840},"button":2,"isBreak":false,"isEx":false,"toStar":false},{"hitTime":{"split":32,"beat":840},"button":8,"isBreak":false,"isEx":false,"toStar":false},{"hitTime":{"split":32,"beat":842},"button":2,"isBreak":false,"isEx":false,"toStar":false},{"hitTime":{"split":32,"beat":844},"button":4,"isBreak":false,"isEx":false,"toStar":false},{"hitTime":{"split":32,"beat":845},"button":5,"isBreak":false,"isEx":false,"toStar":false},{"hitTime":{"split":32,"beat":843},"button":3,"isBreak":false,"isEx":false,"toStar":false},{"hitTime":{"split":32,"beat":846},"button":6,"isBreak":false,"isEx":false,"toStar":false},{"hitTime":{"split":32,"beat":847},"button":7,"isBreak":false,"isEx":false,"toStar":false},{"hitTime":{"split":32,"beat":848},"button":8,"isBreak":false,"isEx":false,"toStar":false},{"hitTime":{"split":32,"beat":849},"button":1,"isBreak":false,"isEx":false,"toStar":false},{"hitTime":{"split":32,"beat":850},"button":2,"isBreak":false,"isEx":false,"toStar":false},{"hitTime":{"split":32,"beat":851},"button":3,"isBreak":false,"isEx":false,"toStar":false},{"hitTime":{"split":32,"beat":856},"button":5,"isBreak":false,"isEx":false,"toStar":false},{"hitTime":{"split":32,"beat":856},"button":7,"isBreak":false,"isEx":false,"toStar":false},{"hitTime":{"split":32,"beat":858},"button":5,"isBreak":false,"isEx":false,"toStar":false},{"hitTime":{"split":32,"beat":858},"button":7,"isBreak":false,"isEx":false,"toStar":false},{"hitTime":{"split":32,"beat":860},"button":4,"isBreak":false,"isEx":false,"toStar":false},{"hitTime":{"split":32,"beat":860},"button":6,"isBreak":false,"isEx":false,"toStar":false},{"hitTime":{"split":32,"beat":862},"button":4,"isBreak":false,"isEx":false,"toStar":false},{"hitTime":{"split":32,"beat":862},"button":6,"isBreak":false,"isEx":false,"toStar":false},{"hitTime":{"split":32,"beat":864},"button":3,"isBreak":false,"isEx":false,"toStar":false},{"hitTime":{"split":32,"beat":864},"button":5,"isBreak":false,"isEx":false,"toStar":false},{"hitTime":{"split":32,"beat":866},"button":3,"isBreak":false,"isEx":false,"toStar":false},{"hitTime":{"split":32,"beat":866},"button":5,"isBreak":false,"isEx":false,"toStar":false},{"hitTime":{"split":32,"beat":868},"button":2,"isBreak":false,"isEx":false,"toStar":false},{"hitTime":{"split":32,"beat":870},"button":2,"isBreak":false,"isEx":false,"toStar":false},{"hitTime":{"split":32,"beat":870},"button":4,"isBreak":false,"isEx":false,"toStar":false},{"hitTime":{"split":32,"beat":868},"button":4,"isBreak":false,"isEx":false,"toStar":false},{"hitTime":{"split":32,"beat":872},"button":3,"isBreak":false,"isEx":false,"toStar":false},{"hitTime":{"split":32,"beat":874},"button":3,"isBreak":false,"isEx":false,"toStar":false},{"hitTime":{"split":32,"beat":872},"button":1,"isBreak":false,"isEx":false,"toStar":false},{"hitTime":{"split":32,"beat":874},"button":1,"isBreak":false,"isEx":false,"toStar":false},{"hitTime":{"split":32,"beat":876},"button":2,"isBreak":false,"isEx":false,"toStar":false},{"hitTime":{"split":32,"beat":878},"button":2,"isBreak":false,"isEx":false,"toStar":false},{"hitTime":{"split":32,"beat":876},"button":8,"isBreak":false,"isEx":false,"toStar":false},{"hitTime":{"split":32,"beat":878},"button":8,"isBreak":false,"isEx":false,"toStar":false},{"hitTime":{"split":32,"beat":892},"button":6,"isBreak":false,"isEx":true,"toStar":false},{"hitTime":{"split":32,"beat":893},"button":7,"isBreak":false,"isEx":true,"toStar":false},{"hitTime":{"split":32,"beat":894},"button":8,"isBreak":false,"isEx":true,"toStar":false},{"hitTime":{"split":32,"beat":895},"button":1,"isBreak":false,"isEx":true,"toStar":false},{"hitTime":{"split":32,"beat":896},"button":2,"isBreak":false,"isEx":true,"toStar":false},{"hitTime":{"split":32,"beat":897},"button":3,"isBreak":false,"isEx":true,"toStar":false},{"hitTime":{"split":32,"beat":898},"button":4,"isBreak":false,"isEx":true,"toStar":false},{"hitTime":{"split":32,"beat":899},"button":5,"isBreak":false,"isEx":true,"toStar":false},{"hitTime":{"split":32,"beat":900},"button":6,"isBreak":false,"isEx":true,"toStar":false},{"hitTime":{"split":32,"beat":901},"button":7,"isBreak":false,"isEx":true,"toStar":false},{"hitTime":{"split":32,"beat":902},"button":8,"isBreak":false,"isEx":true,"toStar":false},{"hitTime":{"split":32,"beat":909},"button":7,"isBreak":false,"isEx":false,"toStar":false},{"hitTime":{"split":32,"beat":908},"button":8,"isBreak":false,"isEx":false,"toStar":false},{"hitTime":{"split":32,"beat":904},"button":8,"isBreak":true,"isEx":false,"toStar":false},{"hitTime":{"split":32,"beat":904},"button":1,"isBreak":true,"isEx":false,"toStar":false},{"hitTime":{"split":32,"beat":906},"button":1,"isBreak":true,"isEx":false,"toStar":false},{"hitTime":{"split":32,"beat":906},"button":8,"isBreak":true,"isEx":false,"toStar":false},{"hitTime":{"split":32,"beat":910},"button":6,"isBreak":false,"isEx":false,"toStar":false},{"hitTime":{"split":32,"beat":911},"button":5,"isBreak":false,"isEx":false,"toStar":false},{"hitTime":{"split":32,"beat":912},"button":4,"isBreak":false,"isEx":false,"toStar":false},{"hitTime":{"split":32,"beat":913},"button":3,"isBreak":false,"isEx":false,"toStar":false},{"hitTime":{"split":32,"beat":914},"button":2,"isBreak":false,"isEx":false,"toStar":false},{"hitTime":{"split":32,"beat":915},"button":1,"isBreak":false,"isEx":false,"toStar":false},{"hitTime":{"split":32,"beat":916},"button":8,"isBreak":false,"isEx":false,"toStar":false},{"hitTime":{"split":32,"beat":917},"button":7,"isBreak":false,"isEx":false,"toStar":false},{"hitTime":{"split":32,"beat":918},"button":6,"isBreak":false,"isEx":false,"toStar":false},{"hitTime":{"split":32,"beat":942},"button":6,"isBreak":false,"isEx":false,"toStar":false},{"hitTime":{"split":32,"beat":942},"button":5,"isBreak":false,"isEx":false,"toStar":false},{"hitTime":{"split":32,"beat":944},"button":4,"isBreak":false,"isEx":false,"toStar":false},{"hitTime":{"split":32,"beat":956},"button":4,"isBreak":false,"isEx":true,"toStar":false},{"hitTime":{"split":32,"beat":956},"button":8,"isBreak":false,"isEx":true,"toStar":false},{"hitTime":{"split":32,"beat":957},"button":5,"isBreak":false,"isEx":true,"toStar":false},{"hitTime":{"split":32,"beat":958},"button":6,"isBreak":false,"isEx":true,"toStar":false},{"hitTime":{"split":32,"beat":959},"button":7,"isBreak":false,"isEx":true,"toStar":false},{"hitTime":{"split":32,"beat":960},"button":8,"isBreak":false,"isEx":true,"toStar":false},{"hitTime":{"split":32,"beat":957},"button":1,"isBreak":false,"isEx":true,"toStar":false},{"hitTime":{"split":32,"beat":958},"button":2,"isBreak":false,"isEx":true,"toStar":false},{"hitTime":{"split":32,"beat":959},"button":3,"isBreak":false,"isEx":true,"toStar":false},{"hitTime":{"split":32,"beat":960},"button":4,"isBreak":false,"isEx":true,"toStar":false},{"hitTime":{"split":32,"beat":961},"button":5,"isBreak":false,"isEx":true,"toStar":false},{"hitTime":{"split":32,"beat":962},"button":6,"isBreak":false,"isEx":true,"toStar":false},{"hitTime":{"split":32,"beat":963},"button":7,"isBreak":false,"isEx":true,"toStar":false},{"hitTime":{"split":32,"beat":964},"button":8,"isBreak":false,"isEx":true,"toStar":false},{"hitTime":{"split":32,"beat":961},"button":1,"isBreak":false,"isEx":true,"toStar":false},{"hitTime":{"split":32,"beat":962},"button":2,"isBreak":false,"isEx":true,"toStar":false},{"hitTime":{"split":32,"beat":963},"button":3,"isBreak":false,"isEx":true,"toStar":false},{"hitTime":{"split":32,"beat":964},"button":4,"isBreak":false,"isEx":true,"toStar":false},{"hitTime":{"split":32,"beat":970},"button":7,"isBreak":false,"isEx":false,"toStar":false},{"hitTime":{"split":32,"beat":970},"button":2,"isBreak":false,"isEx":false,"toStar":false},{"hitTime":{"split":32,"beat":971},"button":1,"isBreak":false,"isEx":false,"toStar":false},{"hitTime":{"split":32,"beat":971},"button":8,"isBreak":false,"isEx":false,"toStar":false},{"hitTime":{"split":32,"beat":972},"button":7,"isBreak":false,"isEx":false,"toStar":false},{"hitTime":{"split":32,"beat":972},"button":2,"isBreak":false,"isEx":false,"toStar":false},{"hitTime":{"split":32,"beat":973},"button":3,"isBreak":false,"isEx":false,"toStar":false},{"hitTime":{"split":32,"beat":973},"button":6,"isBreak":false,"isEx":false,"toStar":false},{"hitTime":{"split":32,"beat":974},"button":4,"isBreak":false,"isEx":false,"toStar":false},{"hitTime":{"split":32,"beat":974},"button":5,"isBreak":false,"isEx":false,"toStar":false},{"hitTime":{"split":32,"beat":976},"button":2,"isBreak":false,"isEx":false,"toStar":false},{"hitTime":{"split":32,"beat":976},"button":7,"isBreak":false,"isEx":false,"toStar":false},{"hitTime":{"split":32,"beat":988},"button":5,"isBreak":false,"isEx":false,"toStar":false},{"hitTime":{"split":32,"beat":988},"button":1,"isBreak":false,"isEx":false,"toStar":false},{"hitTime":{"split":32,"beat":989},"button":4,"isBreak":false,"isEx":false,"toStar":false},{"hitTime":{"split":32,"beat":990},"button":3,"isBreak":false,"isEx":false,"toStar":false},{"hitTime":{"split":32,"beat":991},"button":2,"isBreak":false,"isEx":false,"toStar":false},{"hitTime":{"split":32,"beat":992},"button":1,"isBreak":false,"isEx":false,"toStar":false},{"hitTime":{"split":32,"beat":989},"button":8,"isBreak":false,"isEx":false,"toStar":false},{"hitTime":{"split":32,"beat":990},"button":7,"isBreak":false,"isEx":false,"toStar":false},{"hitTime":{"split":32,"beat":991},"button":6,"isBreak":false,"isEx":false,"toStar":false},{"hitTime":{"split":32,"beat":992},"button":5,"isBreak":false,"isEx":false,"toStar":false},{"hitTime":{"split":32,"beat":993},"button":4,"isBreak":false,"isEx":false,"toStar":false},{"hitTime":{"split":32,"beat":994},"button":3,"isBreak":false,"isEx":false,"toStar":false},{"hitTime":{"split":32,"beat":995},"button":2,"isBreak":false,"isEx":false,"toStar":false},{"hitTime":{"split":32,"beat":996},"button":1,"isBreak":false,"isEx":false,"toStar":false},{"hitTime":{"split":32,"beat":993},"button":8,"isBreak":false,"isEx":false,"toStar":false},{"hitTime":{"split":32,"beat":994},"button":7,"isBreak":false,"isEx":false,"toStar":false},{"hitTime":{"split":32,"beat":995},"button":6,"isBreak":false,"isEx":false,"toStar":false},{"hitTime":{"split":32,"beat":996},"button":5,"isBreak":false,"isEx":false,"toStar":false},{"hitTime":{"split":32,"beat":1006},"button":6,"isBreak":false,"isEx":false,"toStar":false},{"hitTime":{"split":32,"beat":1006},"button":5,"isBreak":false,"isEx":false,"toStar":false},{"hitTime":{"split":32,"beat":1008},"button":5,"isBreak":false,"isEx":false,"toStar":false},{"hitTime":{"split":32,"beat":1008},"button":4,"isBreak":false,"isEx":false,"toStar":false},{"hitTime":{"split":32,"beat":1018},"button":1,"isBreak":false,"isEx":false,"toStar":false},{"hitTime":{"split":32,"beat":1018},"button":5,"isBreak":false,"isEx":false,"toStar":false},{"hitTime":{"split":32,"beat":1020},"button":2,"isBreak":false,"isEx":false,"toStar":false},{"hitTime":{"split":32,"beat":1020},"button":6,"isBreak":false,"isEx":false,"toStar":false},{"hitTime":{"split":32,"beat":1022},"button":3,"isBreak":false,"isEx":false,"toStar":false},{"hitTime":{"split":32,"beat":1022},"button":7,"isBreak":false,"isEx":false,"toStar":false},{"hitTime":{"split":32,"beat":1024},"button":4,"isBreak":false,"isEx":false,"toStar":false},{"hitTime":{"split":32,"beat":1024},"button":8,"isBreak":false,"isEx":false,"toStar":false},{"hitTime":{"split":32,"beat":1026},"button":3,"isBreak":false,"isEx":false,"toStar":false},{"hitTime":{"split":32,"beat":1026},"button":7,"isBreak":false,"isEx":false,"toStar":false},{"hitTime":{"split":32,"beat":1028},"button":2,"isBreak":false,"isEx":false,"toStar":false},{"hitTime":{"split":32,"beat":1028},"button":6,"isBreak":false,"isEx":false,"toStar":false},{"hitTime":{"split":32,"beat":1030},"button":5,"isBreak":false,"isEx":false,"toStar":false},{"hitTime":{"split":32,"beat":1030},"button":1,"isBreak":false,"isEx":false,"toStar":false},{"hitTime":{"split":32,"beat":1032},"button":4,"isBreak":false,"isEx":false,"toStar":false},{"hitTime":{"split":32,"beat":1032},"button":8,"isBreak":false,"isEx":false,"toStar":false},{"hitTime":{"split":32,"beat":1044},"button":1,"isBreak":true,"isEx":false,"toStar":false},{"hitTime":{"split":32,"beat":1044},"button":8,"isBreak":true,"isEx":false,"toStar":false},{"hitTime":{"split":32,"beat":1052},"button":1,"isBreak":false,"isEx":false,"toStar":false},{"hitTime":{"split":32,"beat":1054},"button":2,"isBreak":false,"isEx":false,"toStar":false},{"hitTime":{"split":32,"beat":1056},"button":3,"isBreak":false,"isEx":false,"toStar":false},{"hitTime":{"split":32,"beat":1052},"button":8,"isBreak":false,"isEx":false,"toStar":false},{"hitTime":{"split":32,"beat":1054},"button":7,"isBreak":false,"isEx":false,"toStar":false},{"hitTime":{"split":32,"beat":1056},"button":6,"isBreak":false,"isEx":false,"toStar":false},{"hitTime":{"split":32,"beat":1058},"button":4,"isBreak":false,"isEx":false,"toStar":false},{"hitTime":{"split":32,"beat":1058},"button":5,"isBreak":false,"isEx":false,"toStar":false},{"hitTime":{"split":32,"beat":1060},"button":1,"isBreak":false,"isEx":false,"toStar":false},{"hitTime":{"split":32,"beat":1060},"button":8,"isBreak":false,"isEx":false,"toStar":false},{"hitTime":{"split":32,"beat":1064},"button":4,"isBreak":false,"isEx":false,"toStar":false},{"hitTime":{"split":32,"beat":1064},"button":5,"isBreak":false,"isEx":false,"toStar":false},{"hitTime":{"split":32,"beat":1066},"button":3,"isBreak":false,"isEx":false,"toStar":false},{"hitTime":{"split":32,"beat":1066},"button":6,"isBreak":false,"isEx":false,"toStar":false},{"hitTime":{"split":32,"beat":1068},"button":2,"isBreak":false,"isEx":false,"toStar":false},{"hitTime":{"split":32,"beat":1068},"button":7,"isBreak":false,"isEx":false,"toStar":false},{"hitTime":{"split":32,"beat":1070},"button":8,"isBreak":false,"isEx":false,"toStar":false},{"hitTime":{"split":32,"beat":1070},"button":1,"isBreak":false,"isEx":false,"toStar":false},{"hitTime":{"split":32,"beat":1072},"button":4,"isBreak":false,"isEx":false,"toStar":false},{"hitTime":{"split":32,"beat":1072},"button":5,"isBreak":false,"isEx":false,"toStar":false},{"hitTime":{"split":32,"beat":1076},"button":2,"isBreak":false,"isEx":false,"toStar":false},{"hitTime":{"split":32,"beat":1076},"button":7,"isBreak":false,"isEx":false,"toStar":false},{"hitTime":{"split":32,"beat":1078},"button":8,"isBreak":false,"isEx":false,"toStar":false},{"hitTime":{"split":32,"beat":1078},"button":1,"isBreak":false,"isEx":false,"toStar":false},{"hitTime":{"split":32,"beat":1080},"button":4,"isBreak":false,"isEx":false,"toStar":false},{"hitTime":{"split":32,"beat":1080},"button":5,"isBreak":false,"isEx":false,"toStar":false},{"hitTime":{"split":32,"beat":1082},"button":3,"isBreak":false,"isEx":false,"toStar":false},{"hitTime":{"split":32,"beat":1082},"button":6,"isBreak":false,"isEx":false,"toStar":false},{"hitTime":{"split":32,"beat":1098},"button":1,"isBreak":false,"isEx":false,"toStar":false},{"hitTime":{"split":32,"beat":1099},"button":2,"isBreak":false,"isEx":false,"toStar":false},{"hitTime":{"split":32,"beat":1100},"button":3,"isBreak":false,"isEx":false,"toStar":false},{"hitTime":{"split":32,"beat":1101},"button":4,"isBreak":false,"isEx":false,"toStar":false},{"hitTime":{"split":32,"beat":1102},"button":5,"isBreak":false,"isEx":false,"toStar":false},{"hitTime":{"split":32,"beat":1103},"button":6,"isBreak":false,"isEx":false,"toStar":false},{"hitTime":{"split":32,"beat":1104},"button":7,"isBreak":false,"isEx":false,"toStar":false},{"hitTime":{"split":32,"beat":1105},"button":8,"isBreak":false,"isEx":false,"toStar":false},{"hitTime":{"split":32,"beat":1106},"button":1,"isBreak":true,"isEx":true,"toStar":false},{"hitTime":{"split":32,"beat":1107},"button":2,"isBreak":true,"isEx":true,"toStar":false},{"hitTime":{"split":32,"beat":1108},"button":3,"isBreak":true,"isEx":true,"toStar":false},{"hitTime":{"split":32,"beat":1109},"button":4,"isBreak":true,"isEx":true,"toStar":false},{"hitTime":{"split":32,"beat":1110},"button":5,"isBreak":true,"isEx":true,"toStar":false},{"hitTime":{"split":32,"beat":1111},"button":6,"isBreak":true,"isEx":true,"toStar":false},{"hitTime":{"split":32,"beat":1112},"button":7,"isBreak":true,"isEx":true,"toStar":false},{"hitTime":{"split":32,"beat":1113},"button":8,"isBreak":true,"isEx":true,"toStar":false},{"hitTime":{"split":32,"beat":1116},"button":8,"isBreak":false,"isEx":false,"toStar":false},{"hitTime":{"split":32,"beat":1117},"button":7,"isBreak":false,"isEx":false,"toStar":false},{"hitTime":{"split":32,"beat":1118},"button":6,"isBreak":false,"isEx":false,"toStar":false},{"hitTime":{"split":32,"beat":1119},"button":5,"isBreak":false,"isEx":false,"toStar":false},{"hitTime":{"split":32,"beat":1116},"button":6,"isBreak":false,"isEx":false,"toStar":false},{"hitTime":{"split":32,"beat":1117},"button":5,"isBreak":false,"isEx":false,"toStar":false},{"hitTime":{"split":32,"beat":1118},"button":4,"isBreak":false,"isEx":false,"toStar":false},{"hitTime":{"split":32,"beat":1119},"button":3,"isBreak":false,"isEx":false,"toStar":false},{"hitTime":{"split":32,"beat":1120},"button":2,"isBreak":false,"isEx":false,"toStar":false},{"hitTime":{"split":32,"beat":1120},"button":4,"isBreak":false,"isEx":false,"toStar":false},{"hitTime":{"split":32,"beat":1121},"button":3,"isBreak":false,"isEx":false,"toStar":false},{"hitTime":{"split":32,"beat":1121},"button":1,"isBreak":false,"isEx":false,"toStar":false},{"hitTime":{"split":32,"beat":1122},"button":2,"isBreak":false,"isEx":false,"toStar":false},{"hitTime":{"split":32,"beat":1122},"button":8,"isBreak":false,"isEx":false,"toStar":false},{"hitTime":{"split":32,"beat":1123},"button":7,"isBreak":false,"isEx":false,"toStar":false},{"hitTime":{"split":32,"beat":1123},"button":1,"isBreak":false,"isEx":false,"toStar":false},{"hitTime":{"split":32,"beat":1098},"button":5,"isBreak":false,"isEx":false,"toStar":false},{"hitTime":{"split":32,"beat":1099},"button":6,"isBreak":false,"isEx":false,"toStar":false},{"hitTime":{"split":32,"beat":1100},"button":7,"isBreak":false,"isEx":false,"toStar":false},{"hitTime":{"split":32,"beat":1101},"button":8,"isBreak":false,"isEx":false,"toStar":false},{"hitTime":{"split":32,"beat":1102},"button":1,"isBreak":false,"isEx":false,"toStar":false},{"hitTime":{"split":32,"beat":1103},"button":2,"isBreak":false,"isEx":false,"toStar":false},{"hitTime":{"split":32,"beat":1104},"button":3,"isBreak":false,"isEx":false,"toStar":false},{"hitTime":{"split":32,"beat":1105},"button":4,"isBreak":false,"isEx":false,"toStar":false},{"hitTime":{"split":32,"beat":30},"button":5,"isBreak":false,"isEx":false,"toStar":false},{"hitTime":{"split":32,"beat":52},"button":5,"isBreak":true,"isEx":false,"toStar":false},{"hitTime":{"split":32,"beat":80},"button":2,"isBreak":false,"isEx":false,"toStar":false},{"hitTime":{"split":32,"beat":112},"button":4,"isBreak":false,"isEx":false,"toStar":false},{"hitTime":{"split":32,"beat":114},"button":3,"isBreak":false,"isEx":false,"toStar":false},{"hitTime":{"split":32,"beat":116},"button":2,"isBreak":false,"isEx":false,"toStar":false},{"hitTime":{"split":32,"beat":192},"button":3,"isBreak":false,"isEx":false,"toStar":false},{"hitTime":{"split":32,"beat":446},"button":6,"isBreak":false,"isEx":false,"toStar":false},{"hitTime":{"split":32,"beat":684},"button":4,"isBreak":false,"isEx":true,"toStar":false},{"hitTime":{"split":32,"beat":688},"button":4,"isBreak":false,"isEx":false,"toStar":false},{"hitTime":{"split":32,"beat":688},"button":5,"isBreak":false,"isEx":false,"toStar":false},{"hitTime":{"split":32,"beat":705},"button":1,"isBreak":false,"isEx":true,"toStar":false},{"hitTime":{"split":32,"beat":704},"button":2,"isBreak":false,"isEx":true,"toStar":false},{"hitTime":{"split":32,"beat":703},"button":3,"isBreak":false,"isEx":true,"toStar":false},{"hitTime":{"split":32,"beat":702},"button":4,"isBreak":false,"isEx":true,"toStar":false},{"hitTime":{"split":32,"beat":701},"button":5,"isBreak":false,"isEx":true,"toStar":false},{"hitTime":{"split":32,"beat":700},"button":6,"isBreak":false,"isEx":true,"toStar":false},{"hitTime":{"split":32,"beat":699},"button":7,"isBreak":false,"isEx":true,"toStar":false},{"hitTime":{"split":32,"beat":698},"button":8,"isBreak":false,"isEx":true,"toStar":false},{"hitTime":{"split":32,"beat":706},"button":8,"isBreak":false,"isEx":true,"toStar":false},{"hitTime":{"split":32,"beat":707},"button":7,"isBreak":false,"isEx":true,"toStar":false},{"hitTime":{"split":32,"beat":708},"button":6,"isBreak":false,"isEx":true,"toStar":false}],"holds":[{"hitTime":{"split":32,"beat":246},"button":1,"isBreak":false,"isEx":true,"toStar":false,"holdTime":{"split":32,"beat":0}},{"hitTime":{"split":32,"beat":246},"button":8,"isBreak":false,"isEx":true,"toStar":false,"holdTime":{"split":32,"beat":0}},{"hitTime":{"split":32,"beat":244},"button":2,"isBreak":false,"isEx":true,"toStar":false,"holdTime":{"split":32,"beat":0}},{"hitTime":{"split":32,"beat":244},"button":7,"isBreak":false,"isEx":true,"toStar":false,"holdTime":{"split":32,"beat":0}},{"hitTime":{"split":32,"beat":248},"button":3,"isBreak":false,"isEx":true,"toStar":false,"holdTime":{"split":32,"beat":0}},{"hitTime":{"split":32,"beat":248},"button":6,"isBreak":false,"isEx":true,"toStar":false,"holdTime":{"split":32,"beat":0}},{"hitTime":{"split":32,"beat":252},"button":4,"isBreak":true,"isEx":false,"toStar":false,"holdTime":{"split":32,"beat":4}},{"hitTime":{"split":32,"beat":252},"button":5,"isBreak":true,"isEx":false,"toStar":false,"holdTime":{"split":32,"beat":4}},{"hitTime":{"split":32,"beat":284},"button":1,"isBreak":false,"isEx":false,"toStar":false,"holdTime":{"split":32,"beat":12}},{"hitTime":{"split":32,"beat":292},"button":7,"isBreak":false,"isEx":false,"toStar":false,"holdTime":{"split":32,"beat":8}},{"hitTime":{"split":32,"beat":300},"button":2,"isBreak":false,"isEx":false,"toStar":false,"holdTime":{"split":32,"beat":8}},{"hitTime":{"split":32,"beat":332},"button":7,"isBreak":false,"isEx":false,"toStar":false,"holdTime":{"split":32,"beat":8}},{"hitTime":{"split":32,"beat":332},"button":2,"isBreak":false,"isEx":false,"toStar":false,"holdTime":{"split":32,"beat":4}},{"hitTime":{"split":32,"beat":380},"button":2,"isBreak":false,"isEx":false,"toStar":false,"holdTime":{"split":32,"beat":8}},{"hitTime":{"split":32,"beat":384},"button":8,"isBreak":false,"isEx":false,"toStar":false,"holdTime":{"split":32,"beat":8}},{"hitTime":{"split":32,"beat":460},"button":5,"isBreak":true,"isEx":false,"toStar":false,"holdTime":{"split":32,"beat":8}},{"hitTime":{"split":32,"beat":460},"button":8,"isBreak":true,"isEx":false,"toStar":false,"holdTime":{"split":32,"beat":8}},{"hitTime":{"split":32,"beat":508},"button":4,"isBreak":false,"isEx":false,"toStar":false,"holdTime":{"split":32,"beat":4}},{"hitTime":{"split":32,"beat":508},"button":8,"isBreak":false,"isEx":false,"toStar":false,"holdTime":{"split":32,"beat":4}},{"hitTime":{"split":32,"beat":560},"button":2,"isBreak":false,"isEx":false,"toStar":false,"holdTime":{"split":32,"beat":4}},{"hitTime":{"split":32,"beat":568},"button":7,"isBreak":false,"isEx":false,"toStar":false,"holdTime":{"split":32,"beat":4}},{"hitTime":{"split":32,"beat":720},"button":1,"isBreak":false,"isEx":false,"toStar":false,"holdTime":{"split":32,"beat":4}},{"hitTime":{"split":32,"beat":780},"button":4,"isBreak":false,"isEx":false,"toStar":false,"holdTime":{"split":32,"beat":12}},{"hitTime":{"split":32,"beat":880},"button":5,"isBreak":true,"isEx":false,"toStar":false,"holdTime":{"split":32,"beat":8}},{"hitTime":{"split":32,"beat":880},"button":4,"isBreak":true,"isEx":false,"toStar":false,"holdTime":{"split":32,"beat":4}},{"hitTime":{"split":32,"beat":920},"button":1,"isBreak":false,"isEx":false,"toStar":false,"holdTime":{"split":32,"beat":8}},{"hitTime":{"split":32,"beat":920},"button":8,"isBreak":false,"isEx":false,"toStar":false,"holdTime":{"split":32,"beat":4}},{"hitTime":{"split":32,"beat":925},"button":7,"isBreak":false,"isEx":false,"toStar":false,"holdTime":{"split":32,"beat":0}},{"hitTime":{"split":32,"beat":926},"button":6,"isBreak":false,"isEx":false,"toStar":false,"holdTime":{"split":32,"beat":0}},{"hitTime":{"split":32,"beat":927},"button":5,"isBreak":false,"isEx":false,"toStar":false,"holdTime":{"split":32,"beat":0}},{"hitTime":{"split":32,"beat":928},"button":4,"isBreak":false,"isEx":false,"toStar":false,"holdTime":{"split":32,"beat":0}},{"hitTime":{"split":32,"beat":929},"button":3,"isBreak":false,"isEx":false,"toStar":false,"holdTime":{"split":32,"beat":0}},{"hitTime":{"split":32,"beat":930},"button":2,"isBreak":false,"isEx":false,"toStar":false,"holdTime":{"split":32,"beat":0}},{"hitTime":{"split":32,"beat":931},"button":1,"isBreak":false,"isEx":false,"toStar":false,"holdTime":{"split":32,"beat":0}},{"hitTime":{"split":32,"beat":932},"button":8,"isBreak":false,"isEx":false,"toStar":false,"holdTime":{"split":32,"beat":0}},{"hitTime":{"split":32,"beat":1036},"button":4,"isBreak":false,"isEx":false,"toStar":false,"holdTime":{"split":32,"beat":4}},{"hitTime":{"split":32,"beat":1036},"button":5,"isBreak":false,"isEx":false,"toStar":false,"holdTime":{"split":32,"beat":2}},{"hitTime":{"split":32,"beat":1084},"button":2,"isBreak":true,"isEx":false,"toStar":false,"holdTime":{"split":32,"beat":10}},{"hitTime":{"split":32,"beat":1084},"button":7,"isBreak":true,"isEx":false,"toStar":false,"holdTime":{"split":32,"beat":10}}],"touches":[{"hitTime":{"split":8,"beat":0},"button":"C","isFirework":false},{"hitTime":{"split":8,"beat":4},"button":"C","isFirework":false},{"hitTime":{"split":32,"beat":270},"button":"A3","isFirework":false},{"hitTime":{"split":32,"beat":272},"button":"A8","isFirework":false},{"hitTime":{"split":32,"beat":340},"button":"C","isFirework":false},{"hitTime":{"split":32,"beat":380},"button":"C","isFirework":false},{"hitTime":{"split":32,"beat":408},"button":"C","isFirework":false},{"hitTime":{"split":32,"beat":536},"button":"E8","isFirework":false},{"hitTime":{"split":32,"beat":536},"button":"B8","isFirework":false},{"hitTime":{"split":32,"beat":536},"button":"B1","isFirework":false},{"hitTime":{"split":32,"beat":536},"button":"E2","isFirework":false},{"hitTime":{"split":32,"beat":534},"button":"E7","isFirework":false},{"hitTime":{"split":32,"beat":534},"button":"C","isFirework":false},{"hitTime":{"split":32,"beat":534},"button":"E3","isFirework":false},{"hitTime":{"split":32,"beat":538},"button":"E6","isFirework":false},{"hitTime":{"split":32,"beat":538},"button":"B5","isFirework":false},{"hitTime":{"split":32,"beat":538},"button":"B4","isFirework":false},{"hitTime":{"split":32,"beat":538},"button":"E4","isFirework":false},{"hitTime":{"split":32,"beat":532},"button":"C","isFirework":false},{"hitTime":{"split":32,"beat":672},"button":"A6","isFirework":false},{"hitTime":{"split":32,"beat":672},"button":"A3","isFirework":false},{"hitTime":{"split":32,"beat":676},"button":"B5","isFirework":false},{"hitTime":{"split":32,"beat":676},"button":"B4","isFirework":false},{"hitTime":{"split":32,"beat":680},"button":"E6","isFirework":false},{"hitTime":{"split":32,"beat":680},"button":"E4","isFirework":false},{"hitTime":{"split":32,"beat":720},"button":"B7","isFirework":false},{"hitTime":{"split":32,"beat":720},"button":"C","isFirework":false},{"hitTime":{"split":32,"beat":720},"button":"B3","isFirework":false},{"hitTime":{"split":32,"beat":724},"button":"B6","isFirework":false},{"hitTime":{"split":32,"beat":724},"button":"C","isFirework":false},{"hitTime":{"split":32,"beat":724},"button":"B2","isFirework":false},{"hitTime":{"split":32,"beat":788},"button":"A3","isFirework":false},{"hitTime":{"split":32,"beat":789},"button":"D3","isFirework":false},{"hitTime":{"split":32,"beat":790},"button":"A2","isFirework":false},{"hitTime":{"split":32,"beat":791},"button":"D2","isFirework":false},{"hitTime":{"split":32,"beat":792},"button":"A1","isFirework":false},{"hitTime":{"split":32,"beat":888},"button":"C","isFirework":false},{"hitTime":{"split":32,"beat":888},"button":"E8","isFirework":false},{"hitTime":{"split":32,"beat":888},"button":"E4","isFirework":false},{"hitTime":{"split":32,"beat":888},"button":"E6","isFirework":false},{"hitTime":{"split":32,"beat":888},"button":"E2","isFirework":false},{"hitTime":{"split":32,"beat":944},"button":"A8","isFirework":false},{"hitTime":{"split":32,"beat":944},"button":"D1","isFirework":false},{"hitTime":{"split":32,"beat":945},"button":"A1","isFirework":false},{"hitTime":{"split":32,"beat":945},"button":"D2","isFirework":false},{"hitTime":{"split":32,"beat":946},"button":"A2","isFirework":false},{"hitTime":{"split":32,"beat":946},"button":"D3","isFirework":false},{"hitTime":{"split":32,"beat":947},"button":"A3","isFirework":false},{"hitTime":{"split":32,"beat":947},"button":"D4","isFirework":false},{"hitTime":{"split":32,"beat":948},"button":"A4","isFirework":false},{"hitTime":{"split":32,"beat":948},"button":"D5","isFirework":false},{"hitTime":{"split":32,"beat":949},"button":"A5","isFirework":false},{"hitTime":{"split":32,"beat":949},"button":"D6","isFirework":false},{"hitTime":{"split":32,"beat":950},"button":"A6","isFirework":false},{"hitTime":{"split":32,"beat":950},"button":"D7","isFirework":false},{"hitTime":{"split":32,"beat":951},"button":"A7","isFirework":false},{"hitTime":{"split":32,"beat":951},"button":"D8","isFirework":false},{"hitTime":{"split":32,"beat":980},"button":"B8","isFirework":false},{"hitTime":{"split":32,"beat":982},"button":"E1","isFirework":false},{"hitTime":{"split":32,"beat":978},"button":"E8","isFirework":false},{"hitTime":{"split":32,"beat":978},"button":"E2","isFirework":false},{"hitTime":{"split":32,"beat":980},"button":"B1","isFirework":false},{"hitTime":{"split":32,"beat":982},"button":"B8","isFirework":false},{"hitTime":{"split":32,"beat":982},"button":"B1","isFirework":false},{"hitTime":{"split":32,"beat":984},"button":"A8","isFirework":false},{"hitTime":{"split":32,"beat":984},"button":"D1","isFirework":false},{"hitTime":{"split":32,"beat":984},"button":"A1","isFirework":false},{"hitTime":{"split":32,"beat":1000},"button":"E8","isFirework":false},{"hitTime":{"split":32,"beat":1000},"button":"B7","isFirework":false},{"hitTime":{"split":32,"beat":1000},"button":"B6","isFirework":false},{"hitTime":{"split":32,"beat":1000},"button":"E6","isFirework":false},{"hitTime":{"split":32,"beat":1000},"button":"B5","isFirework":false},{"hitTime":{"split":32,"beat":1000},"button":"B4","isFirework":false},{"hitTime":{"split":32,"beat":1000},"button":"E4","isFirework":false},{"hitTime":{"split":32,"beat":1000},"button":"B3","isFirework":false},{"hitTime":{"split":32,"beat":1000},"button":"B2","isFirework":false},{"hitTime":{"split":32,"beat":1000},"button":"E2","isFirework":false},{"hitTime":{"split":32,"beat":1000},"button":"B1","isFirework":false},{"hitTime":{"split":32,"beat":1000},"button":"B8","isFirework":false},{"hitTime":{"split":32,"beat":1012},"button":"B8","isFirework":false},{"hitTime":{"split":32,"beat":1012},"button":"B1","isFirework":false},{"hitTime":{"split":32,"beat":1012},"button":"B7","isFirework":false},{"hitTime":{"split":32,"beat":1012},"button":"B6","isFirework":false},{"hitTime":{"split":32,"beat":1012},"button":"B2","isFirework":false},{"hitTime":{"split":32,"beat":1012},"button":"B3","isFirework":false},{"hitTime":{"split":32,"beat":1012},"button":"B5","isFirework":false},{"hitTime":{"split":32,"beat":1012},"button":"B4","isFirework":false},{"hitTime":{"split":32,"beat":1012},"button":"C","isFirework":false},{"hitTime":{"split":32,"beat":1124},"button":"A8","isFirework":false},{"hitTime":{"split":32,"beat":1124},"button":"D8","isFirework":false},{"hitTime":{"split":32,"beat":1124},"button":"A7","isFirework":false},{"hitTime":{"split":32,"beat":1124},"button":"E7","isFirework":false},{"hitTime":{"split":32,"beat":1124},"button":"A6","isFirework":false},{"hitTime":{"split":32,"beat":1124},"button":"A5","isFirework":false},{"hitTime":{"split":32,"beat":1124},"button":"D7","isFirework":false},{"hitTime":{"split":32,"beat":1124},"button":"B6","isFirework":false},{"hitTime":{"split":32,"beat":1124},"button":"B5","isFirework":false},{"hitTime":{"split":32,"beat":1124},"button":"D6","isFirework":false},{"hitTime":{"split":32,"beat":1124},"button":"E6","isFirework":false},{"hitTime":{"split":32,"beat":1124},"button":"D1","isFirework":false},{"hitTime":{"split":32,"beat":1124},"button":"E8","isFirework":false},{"hitTime":{"split":32,"beat":1124},"button":"B7","isFirework":false},{"hitTime":{"split":32,"beat":1124},"button":"E1","isFirework":false},{"hitTime":{"split":32,"beat":1124},"button":"B1","isFirework":false},{"hitTime":{"split":32,"beat":1124},"button":"B8","isFirework":false},{"hitTime":{"split":32,"beat":1124},"button":"E2","isFirework":false},{"hitTime":{"split":32,"beat":1124},"button":"A1","isFirework":false},{"hitTime":{"split":32,"beat":1124},"button":"A2","isFirework":false},{"hitTime":{"split":32,"beat":1124},"button":"D2","isFirework":false},{"hitTime":{"split":32,"beat":1124},"button":"D3","isFirework":false},{"hitTime":{"split":32,"beat":1124},"button":"E3","isFirework":false},{"hitTime":{"split":32,"beat":1124},"button":"B2","isFirework":false},{"hitTime":{"split":32,"beat":1124},"button":"B3","isFirework":false},{"hitTime":{"split":32,"beat":1124},"button":"D4","isFirework":false},{"hitTime":{"split":32,"beat":1124},"button":"A3","isFirework":false},{"hitTime":{"split":32,"beat":1124},"button":"E4","isFirework":false},{"hitTime":{"split":32,"beat":1124},"button":"B4","isFirework":false},{"hitTime":{"split":32,"beat":1124},"button":"E5","isFirework":false},{"hitTime":{"split":32,"beat":1124},"button":"D5","isFirework":false},{"hitTime":{"split":32,"beat":1124},"button":"A4","isFirework":false},{"hitTime":{"split":32,"beat":576},"button":"C","isFirework":false},{"hitTime":{"split":32,"beat":582},"button":"C","isFirework":false},{"hitTime":{"split":32,"beat":588},"button":"C","isFirework":false},{"hitTime":{"split":32,"beat":638},"button":"C","isFirework":false},{"hitTime":{"split":32,"beat":644},"button":"C","isFirework":false},{"hitTime":{"split":32,"beat":650},"button":"C","isFirework":false},{"hitTime":{"split":32,"beat":284},"button":"C","isFirework":false},{"hitTime":{"split":32,"beat":286},"button":"E7","isFirework":false},{"hitTime":{"split":32,"beat":288},"button":"E3","isFirework":false},{"hitTime":{"split":32,"beat":290},"button":"E5","isFirework":false},{"hitTime":{"split":32,"beat":302},"button":"C","isFirework":false},{"hitTime":{"split":32,"beat":304},"button":"E7","isFirework":false},{"hitTime":{"split":32,"beat":306},"button":"E3","isFirework":false},{"hitTime":{"split":32,"beat":310},"button":"E5","isFirework":false},{"hitTime":{"split":32,"beat":216},"button":"C","isFirework":true},{"hitTime":{"split":32,"beat":312},"button":"C","isFirework":true},{"hitTime":{"split":32,"beat":538},"button":"C","isFirework":true},{"hitTime":{"split":32,"beat":952},"button":"A7","isFirework":false},{"hitTime":{"split":32,"beat":952},"button":"B7","isFirework":false},{"hitTime":{"split":32,"beat":952},"button":"E8","isFirework":false},{"hitTime":{"split":32,"beat":952},"button":"B8","isFirework":false},{"hitTime":{"split":32,"beat":952},"button":"A8","isFirework":false},{"hitTime":{"split":32,"beat":952},"button":"D8","isFirework":false},{"hitTime":{"split":32,"beat":952},"button":"D1","isFirework":false},{"hitTime":{"split":32,"beat":952},"button":"A1","isFirework":false},{"hitTime":{"split":32,"beat":952},"button":"D2","isFirework":false},{"hitTime":{"split":32,"beat":952},"button":"A2","isFirework":false},{"hitTime":{"split":32,"beat":952},"button":"B2","isFirework":false},{"hitTime":{"split":32,"beat":952},"button":"B1","isFirework":false},{"hitTime":{"split":32,"beat":952},"button":"E2","isFirework":false},{"hitTime":{"split":32,"beat":952},"button":"E1","isFirework":true},{"hitTime":{"split":32,"beat":1000},"button":"E7","isFirework":true},{"hitTime":{"split":32,"beat":1000},"button":"E3","isFirework":true},{"hitTime":{"split":32,"beat":1000},"button":"E5","isFirework":true},{"hitTime":{"split":32,"beat":1000},"button":"E1","isFirework":true},{"hitTime":{"split":32,"beat":1124},"button":"C","isFirework":true}],"toucheHolds":[{"hitTime":{"split":32,"beat":998},"button":"C","isFirework":false,"holdTime":{"split":32,"beat":1}},{"hitTime":{"split":32,"beat":698},"button":"C","isFirework":true,"holdTime":{"split":32,"beat":10}}],"slides":[{"hitTime":{"split":32,"beat":156},"button":1,"isBreak":false,"isEx":true,"toStar":false,"parts":[{"prepareTime":{"split":32,"beat":8},"isBreak":false,"moveTime":{"split":32,"beat":4},"isWifi":false,"fragments":[{"type":"p","middleButton":1,"endButton":8}]}],"toTap":false,"hindHead":false},{"hitTime":{"split":32,"beat":176},"button":8,"isBreak":false,"isEx":true,"toStar":false,"parts":[{"prepareTime":{"split":32,"beat":8},"isBreak":false,"moveTime":{"split":32,"beat":4},"isWifi":false,"fragments":[{"type":"q","middleButton":8,"endButton":1}]}],"toTap":false,"hindHead":false},{"hitTime":{"split":32,"beat":198},"button":4,"isBreak":false,"isEx":false,"toStar":false,"parts":[{"prepareTime":{"split":32,"beat":8},"isBreak":false,"moveTime":{"split":32,"beat":4},"isWifi":false,"fragments":[{"type":"p","middleButton":4,"endButton":6}]}],"toTap":false,"hindHead":false},{"hitTime":{"split":32,"beat":220},"button":5,"isBreak":false,"isEx":false,"toStar":false,"parts":[{"prepareTime":{"split":32,"beat":8},"isBreak":false,"moveTime":{"split":32,"beat":4},"isWifi":false,"fragments":[{"type":"q","middleButton":5,"endButton":3}]}],"toTap":false,"hindHead":false},{"hitTime":{"split":32,"beat":260},"button":6,"isBreak":false,"isEx":false,"toStar":false,"parts":[{"prepareTime":{"split":32,"beat":8},"isBreak":false,"moveTime":{"split":32,"beat":4},"isWifi":false,"fragments":[{"type":">","middleButton":6,"endButton":8}]}],"toTap":false,"hindHead":false},{"hitTime":{"split":32,"beat":308},"button":6,"isBreak":false,"isEx":false,"toStar":false,"parts":[{"prepareTime":{"split":32,"beat":8},"isBreak":false,"moveTime":{"split":32,"beat":4},"isWifi":false,"fragments":[{"type":">","middleButton":6,"endButton":6}]}],"toTap":false,"hindHead":false},{"hitTime":{"split":32,"beat":396},"button":6,"isBreak":false,"isEx":false,"toStar":false,"parts":[{"prepareTime":{"split":32,"beat":8},"isBreak":true,"moveTime":{"split":32,"beat":4},"isWifi":false,"fragments":[{"type":"p","middleButton":6,"endButton":1}]}],"toTap":false,"hindHead":false},{"hitTime":{"split":32,"beat":440},"button":2,"isBreak":false,"isEx":false,"toStar":false,"parts":[{"prepareTime":{"split":32,"beat":8},"isBreak":false,"moveTime":{"split":32,"beat":8},"isWifi":false,"fragments":[{"type":"<","middleButton":2,"endButton":2}]}],"toTap":false,"hindHead":false},{"hitTime":{"split":32,"beat":520},"button":1,"isBreak":false,"isEx":false,"toStar":false,"parts":[{"prepareTime":{"split":32,"beat":8},"isBreak":false,"moveTime":{"split":32,"beat":4},"isWifi":false,"fragments":[{"type":">","middleButton":1,"endButton":8}]}],"toTap":false,"hindHead":false},{"hitTime":{"split":32,"beat":520},"button":3,"isBreak":false,"isEx":false,"toStar":false,"parts":[{"prepareTime":{"split":32,"beat":8},"isBreak":false,"moveTime":{"split":32,"beat":4},"isWifi":false,"fragments":[{"type":"pp","middleButton":3,"endButton":1}]}],"toTap":false,"hindHead":false},{"hitTime":{"split":32,"beat":588},"button":2,"isBreak":false,"isEx":false,"toStar":false,"parts":[{"prepareTime":{"split":32,"beat":8},"isBreak":false,"moveTime":{"split":32,"beat":4},"isWifi":false,"fragments":[{"type":">","middleButton":2,"endButton":7}]}],"toTap":false,"hindHead":false},{"hitTime":{"split":32,"beat":664},"button":3,"isBreak":true,"isEx":false,"toStar":false,"parts":[{"prepareTime":{"split":32,"beat":8},"isBreak":false,"moveTime":{"split":32,"beat":8},"isWifi":false,"fragments":[{"type":"pp","middleButton":3,"endButton":6}]}],"toTap":false,"hindHead":false},{"hitTime":{"split":32,"beat":664},"button":6,"isBreak":true,"isEx":false,"toStar":false,"parts":[{"prepareTime":{"split":32,"beat":8},"isBreak":false,"moveTime":{"split":32,"beat":8},"isWifi":false,"fragments":[{"type":"p","middleButton":6,"endButton":3}]}],"toTap":false,"hindHead":false},{"hitTime":{"split":32,"beat":732},"button":1,"isBreak":true,"isEx":false,"toStar":false,"parts":[{"prepareTime":{"split":32,"beat":8},"isBreak":false,"moveTime":{"split":32,"beat":4},"isWifi":false,"fragments":[{"type":">","middleButton":1,"endButton":8}]}],"toTap":false,"hindHead":false},{"hitTime":{"split":32,"beat":780},"button":6,"isBreak":false,"isEx":false,"toStar":false,"parts":[{"prepareTime":{"split":32,"beat":8},"isBreak":true,"moveTime":{"split":32,"beat":4},"isWifi":false,"fragments":[{"type":">","middleButton":6,"endButton":1}]}],"toTap":false,"hindHead":false},{"hitTime":{"split":32,"beat":820},"button":5,"isBreak":false,"isEx":false,"toStar":false,"parts":[{"prepareTime":{"split":32,"beat":8},"isBreak":false,"moveTime":{"split":32,"beat":4},"isWifi":false,"fragments":[{"type":"qq","middleButton":5,"endButton":7}]}],"toTap":false,"hindHead":false},{"hitTime":{"split":32,"beat":842},"button":8,"isBreak":false,"isEx":false,"toStar":false,"parts":[{"prepareTime":{"split":32,"beat":8},"isBreak":false,"moveTime":{"split":32,"beat":4},"isWifi":false,"fragments":[{"type":">","middleButton":8,"endButton":8}]}],"toTap":false,"hindHead":false},{"hitTime":{"split":32,"beat":936},"button":8,"isBreak":false,"isEx":false,"toStar":false,"parts":[{"prepareTime":{"split":32,"beat":8},"isBreak":false,"moveTime":{"split":32,"beat":8},"isWifi":false,"fragments":[{"type":">","middleButton":8,"endButton":8}]}],"toTap":false,"hindHead":false},{"hitTime":{"split":32,"beat":940},"button":7,"isBreak":false,"isEx":false,"toStar":false,"parts":[{"prepareTime":{"split":32,"beat":8},"isBreak":false,"moveTime":{"split":32,"beat":4},"isWifi":false,"fragments":[{"type":"<","middleButton":7,"endButton":7}]}],"toTap":false,"hindHead":false},{"hitTime":{"split":32,"beat":968},"button":7,"isBreak":false,"isEx":false,"toStar":false,"parts":[{"prepareTime":{"split":32,"beat":8},"isBreak":false,"moveTime":{"split":32,"beat":8},"isWifi":false,"fragments":[{"type":"v","middleButton":8,"endButton":1}]}],"toTap":false,"hindHead":false},{"hitTime":{"split":32,"beat":968},"button":2,"isBreak":false,"isEx":false,"toStar":false,"parts":[{"prepareTime":{"split":32,"beat":8},"isBreak":false,"moveTime":{"split":32,"beat":8},"isWifi":false,"fragments":[{"type":"v","middleButton":2,"endButton":8}]}],"toTap":false,"hindHead":false},{"hitTime":{"split":32,"beat":1002},"button":8,"isBreak":false,"isEx":false,"toStar":false,"parts":[{"prepareTime":{"split":32,"beat":8},"isBreak":false,"moveTime":{"split":32,"beat":6},"isWifi":false,"fragments":[{"type":"<","middleButton":8,"endButton":8}]}],"toTap":false,"hindHead":false},{"hitTime":{"split":32,"beat":1004},"button":7,"isBreak":false,"isEx":false,"toStar":false,"parts":[{"prepareTime":{"split":32,"beat":8},"isBreak":false,"moveTime":{"split":32,"beat":4},"isWifi":false,"fragments":[{"type":"<","middleButton":7,"endButton":8}]}],"toTap":false,"hindHead":false}],"notices":[],"isBigTouch":false}]}